Arizona Cardinals Knit Gloves and Scarf Set, Regular: $29.99, Product ID: 2830440
Larry Fitzgerald Arizona Cardinals For Bare Feet Selfie Socks, Regular: $12.99, Product ID: 3195306
Arizona Cardinals Personalized 30oz. Ultra Tumbler – Black, Regular: $49.99, Product ID: 3304146
Arizona Cardinals Timex Acclaim Watch, Regular: $84.99, Product ID: 3126732
Arizona Cardinals Dooney & Bourke Women's Zip Zip Satchel - Cardinal, Regular: $248.00, Product ID: 2462972
Arizona Cardinals Dooney & Bourke Women's Large Slim Wristlet - Cardinal, Regular: $88.00, Product ID: 2462876
Eagles Wings Arizona Cardinals Woven Silk Tie, Regular: $39.99, Product ID: 1180883
Arizona Cardinals Dooney & Bourke Women's Team Color Nylon Crossbody Purse - Cardinal, Regular: $148.00, Product ID: 2687046
Arizona Cardinals Stance Sideline Crew Socks, Your Price: $17.99, Product ID: 2927443
Arizona Cardinals Dooney & Bourke Women's Crossbody Purse - Cardinal, Regular: $188.00, Product ID: 2462811
Arizona Cardinals Breakaway Lanyard - Cardinal/Black, Regular: $7.99, Product ID: 1421841
Arizona Cardinals For Bare Feet Women's Homegator Socks, Regular: $10.99, Product ID: 3267030
Larry Fitzgerald Arizona Cardinals For Bare Feet Player Montage Crew Socks, Regular: $19.99, Product ID: 3188435
Arizona Cardinals For Bare Feet 4-Stripe Deuce Team Color Performance Crew Socks, Regular: $12.99, Product ID: 1679809
Arizona Cardinals For Bare Feet Three-Pack Money Ankle Socks, Regular: $19.99, Product ID: 2582260
Arizona Cardinals Colorblend Infinity Scarf – Cardinal, Regular: $19.99, Product ID: 3272177
Arizona Cardinals For Bare Feet RMC No Show Socks Three-Pack Set, Regular: $19.99, Product ID: 3267903
Larry Fitzgerald Arizona Cardinals For Bare Feet City Star Player Crew Socks, Regular: $16.99, Product ID: 2744314
Arizona Cardinals For Bare Feet The Boss Socks, Regular: $12.00, Product ID: 3267292
Arizona Cardinals Leather Watch & Wallet Set - Black, Regular: $49.99, Product ID: 2093225
Arizona Cardinals Under Armour NFL Combine Authentic Survivor Fleece Performance Gloves - Gray, Regular: $39.99, Product ID: 2716995
Arizona Cardinals Dooney & Bourke Women's Triple Zip Crossbody Purse - Cardinal, Regular: $128.00, Product ID: 2462908
Arizona Cardinals Knit Colorblock Gloves, Regular: $9.99, Product ID: 2886307
Arizona Cardinals WinCraft 42" Folding Umbrella, Regular: $19.99, Product ID: 396926
Arizona Cardinals Timex Gamer Watch, Regular: $59.99, Product ID: 3126276
Arizona Cardinals For Bare Feet Women's Team Vortex Socks, Regular: $12.99, Product ID: 3006380
Arizona Cardinals Bottle Opener Keychain---, Regular: $3.99, Product ID: 1567024
Larry Fitzgerald Arizona Cardinals For Bare Feet Youth Selfie Socks, Regular: $12.99, Product ID: 3195334
Arizona Cardinals WinCraft Women's Round Dangle Earrings, Regular: $9.99, Product ID: 2534139
Arizona Cardinals For Bare Feet Women's Going to the Game Socks, Regular: $13.99, Product ID: 3267145
Arizona Cardinals For Bare Feet Got Marble Crew Socks - Gray, Regular: $13.99, Product ID: 2844061
Arizona Cardinals Dooney & Bourke Women's Team Color Richmond Tote Bag, Regular: $248.00, Product ID: 2856791
Arizona Cardinals 3-Piece Insulated Travel Mug Set, Regular: $44.99, Product ID: 3231718
Arizona Cardinals Dooney & Bourke Women's Team Color Continental Clutch, Regular: $128.00, Product ID: 2462711
Arizona Cardinals Women's Team Logo Infinity Scarf, Regular: $24.99, Product ID: 2324755
Arizona Cardinals Rhodes Tie - Red, Regular: $24.99, Product ID: 2676925
Nike Arizona Cardinals Sphere Fan Gloves, Regular: $34.99, Product ID: 3152740
Arizona Cardinals For Bare Feet Argyle Crew Socks, Regular: $12.99, Product ID: 2400138
Arizona Cardinals Alex & Ani Women's Stack Bracelet, Your Price: $38.99, Product ID: 3198270
Larry Fitzgerald Arizona Cardinals For Bare Feet Youth Player Montage Tri-Blend Crew Socks, Regular: $19.99, Product ID: 3188548
Arizona Cardinals For Bare Feet Team Vortex Socks, Regular: $12.99, Product ID: 3006304
Arizona Cardinals Cuce Winning Stadium Compliant Wristlet, Regular: $29.99, Product ID: 3211716
Arizona Cardinals For Bare Feet Team Color Quarter-Length Socks, Regular: $10.99, Product ID: 773815
Arizona Cardinals Key Strap, Regular: $5.99, Product ID: 661569
Arizona Cardinals Logo Wire Earrings, Regular: $7.99, Product ID: 128713
Arizona Cardinals Bottle Opener Keychain - Black, Regular: $3.99, Product ID: 2481648
Arizona Cardinals Big Logo Scarf, Regular: $19.99, Product ID: 2886047
Larry Fitzgerald Arizona Cardinals For Bare Feet Youth City Star Player Sock, Regular: $16.99, Product ID: 2744250
Arizona Cardinals For Bare Feet Youth Bobble Head Quarter-Length Socks, Regular: $11.99, Product ID: 3189480
Arizona Cardinals For Bare Feet Women's Muchas Rayas Sleep Soft Socks, Regular: $12.99, Product ID: 2762855
Arizona Cardinals Tokens & Icons Game-Used Uniform Leather Wallet, Your Price: $160.00, Product ID: 2063527
Arizona Cardinals Dooney & Bourke Leather Credit Card Billfold, Regular: $78.00, Product ID: 2686612
Arizona Cardinals Infant 2-Piece Winter Set, Regular: $34.99, Product ID: 2867032
Arizona Cardinals Sparo Leather Front Pocket Wallet, Regular: $27.99, Product ID: 3205079
Arizona Cardinals Stance Fade 2 Crew Socks, Your Price: $17.99, Product ID: 3186169
Arizona Cardinals For Bare Feet Youth Mascot Bobble Head Quarter-Length Socks, Regular: $11.99, Product ID: 3189680
Arizona Cardinals Infant 2-Pack Pacifiers, Regular: $9.99, Product ID: 2683388
Arizona Cardinals WinCraft Infant Lil Fan All Pro Baby Bib, Regular: $7.99, Product ID: 2499288
Arizona Cardinals Women's Faux Fur Ear Muffs, Regular: $21.99, Product ID: 1615461
Arizona Cardinals WinCraft 2-Pack Bib Set, Regular: $22.99, Product ID: 3267442
Arizona Cardinals Dooney & Bourke Women's Team Color Nylon Small Gabriella Satchel - Cardinal, Regular: $228.00, Product ID: 2687377
Arizona Cardinals Timex Pride Watch, Regular: $34.99, Product ID: 3126433
Arizona Cardinals Bulk Bandz Bracelets - Cardinal/Black, Regular: $7.99, Product ID: 520604
Arizona Cardinals WinCraft Women's Tonal Football Post Earrings, Regular: $9.99, Product ID: 2839277
Arizona Cardinals WinCraft Primary Logo Pin, Regular: $7.99, Product ID: 1702403
Arizona Cardinals WinCraft High-Definition Helmet Logo Keychain, Regular: $7.99, Product ID: 1715900
Arizona Cardinals Women's Marble Tall Socks - Gray/Pink, Regular: $10.99, Product ID: 1298410
Arizona Cardinals Lodge Gloves, Regular: $21.99, Product ID: 2160533
Arizona Cardinals For Bare Feet Women's Dot Band Team No Show Socks, Regular: $11.99, Product ID: 2843265
Arizona Cardinals Lokai Bracelet, Your Price: $22.00, Product ID: 3154595
Arizona Cardinals Big Logo Scarf, Regular: $19.99, Product ID: 2886047
Arizona Cardinals #1 Foam Finger Keychain, Regular: $3.99, Product ID: 2429925
Arizona Cardinals Fidget Cube, Regular: $9.99, Product ID: 2828931
Arizona Cardinals Tonal Sport Watch – Black, Regular: $49.99, Product ID: 3041792
Arizona Cardinals Key Strap, Regular: $5.99, Product ID: 661569
Arizona Cardinals Lokai Bracelet, Your Price: $22.00, Product ID: 3154595
Arizona Cardinals Women's For Bare Feet Sleep Soft Pro Stripe Socks, Regular: $10.99, Product ID: 2400469
Arizona Cardinals Color Sport Bracelet Watch, Your Price: $125.00, Product ID: 2466896
Arizona Cardinals Lodge Gloves, Regular: $21.99, Product ID: 2160533
Arizona Cardinals Women's Faux Fur Long Scarf with Pockets, Regular: $32.99, Product ID: 1615400
Arizona Cardinals Color Block Double-Sided Scarf, Regular: $19.99, Product ID: 2886085
Arizona Cardinals Colorblend Gloves, Regular: $19.99, Product ID: 2886157
Arizona Cardinals Retro Scarf, Regular: $19.99, Product ID: 2160753
Arizona Cardinals Bar Scarf - Cardinal, Regular: $17.59, Product ID: 3272377
Arizona Cardinals Women's For Bare Feet Sleep Soft Pro Stripe Socks, Regular: $10.99, Product ID: 2400469
Arizona Cardinals For Bare Feet Youth Bobble Head Quarter-Length Socks, Regular: $11.99, Product ID: 3189480
Arizona Cardinals Logo Wire Earrings, Regular: $7.99, Product ID: 128713
Arizona Cardinals WinCraft Infant Three-Piece Gift Set, Regular: $39.99, Product ID: 2844253
Arizona Cardinals For Bare Feet Youth Mascot Bobble Head Quarter-Length Socks, Regular: $11.99, Product ID: 3189680
Arizona Cardinals WinCraft Women's Tonal Football Post Earrings, Regular: $9.99, Product ID: 2839277
Arizona Cardinals OtterBox iPhone 8 Plus/7 Plus/6 Plus/6s Plus Symmetry Case with Alpha Glass Screen Protector, Your Price: $89.99, Product ID: 3151168
Arizona Cardinals WinCraft Primary Logo Pin, Regular: $7.99, Product ID: 1702403
Arizona Cardinals For Bare Feet Women's Dot Band Team No Show Socks, Regular: $11.99, Product ID: 2843265
Arizona Cardinals Silver-Plated Team Logo Cufflinks, Regular: $64.99, Product ID: 1049152
Arizona Cardinals Knit Color Blend Scarf, Regular: $19.99, Product ID: 2885925
Arizona Cardinals Sparo Key Bracelet Quartz Watch - Silver, Regular: $69.99, Product ID: 2884693
Arizona Cardinals Dooney & Bourke Women's Team Color Nylon Large Slim Wristlet - Cardinal, Regular: $78.00, Product ID: 2687200
Arizona Cardinals Fidget Cube, Regular: $9.99, Product ID: 2828931
Larry Fitzgerald Arizona Cardinals For Bare Feet Youth City Star Player Sock, Regular: $16.99, Product ID: 2744250
Arizona Cardinals OtterBox iPhone 8/7/6/6s Alpha Glass Screen Protector, Your Price: $49.99, Product ID: 3151072
Arizona Cardinals Bold Dual Hybrid iPhone 7/8 Case, Regular: $24.99, Product ID: 2619999
Arizona Cardinals Sterling Silver Small Logo Ball Post Earrings, Regular: $59.99, Product ID: 2937222
Arizona Cardinals The MVP 18oz. Tumbler, Regular: $25.99, Product ID: 2918392
Arizona Cardinals Gold-Plated Large Logo Pendant, Regular: $79.99, Product ID: 2936582
Arizona Cardinals Galaxy S7 Dual Hybrid Case, Regular: $24.99, Product ID: 2518702
Arizona Cardinals Sterling Silver Football Pendant, Regular: $69.99, Product ID: 2936934
Arizona Cardinals Bottle Opener Keychain---, Regular: $3.99, Product ID: 1567024
Arizona Cardinals WinCraft Women's Logo Necklace - Silver, Regular: $19.99, Product ID: 2839236
Arizona Cardinals Lateral Sunglasses, Regular: $26.99, Product ID: 2576037
Arizona Cardinals For Bare Feet Women's Melange Stripe Socks, Regular: $12.99, Product ID: 3212249
Arizona Cardinals Scope Metal Watch – White, Regular: $69.99, Product ID: 3041696
Arizona Cardinals Gold-Plated Small Logo Pendant, Regular: $54.99, Product ID: 2936742
Arizona Cardinals WinCraft Infant Lil Fan All Pro Baby Bib, Regular: $7.99, Product ID: 2499288
Arizona Cardinals Traveling Team Passport Wallet - Black, Regular: $49.99, Product ID: 2510120
Arizona Cardinals 32oz. Stainless Steel Keeper Tumbler, Regular: $34.99, Product ID: 2723312
Arizona Cardinals OtterBox iPhone 8/7/6/6s Symmetry Case with Alpha Glass Screen Protector, Your Price: $79.99, Product ID: 3151104
Arizona Cardinals Sterling Silver Medium Logo Pendant, Regular: $69.99, Product ID: 2937190
Arizona Cardinals WinCraft Logo Wordmark Breakaway Lanyard, Regular: $8.99, Product ID: 2566996
Arizona Cardinals Women's Glitz Bracelet Watch, Your Price: $150.00, Product ID: 2466757
Arizona Cardinals Timex Women's Ringer Watch, Regular: $39.99, Product ID: 3126582
Arizona Cardinals Football Cell Phone Charger, Regular: $39.99, Product ID: 2463099
Arizona Cardinals Dooney & Bourke Women's Daphne Crossbody Wallet - Cardinal, Regular: $99.99, Product ID: 2686899
Arizona Cardinals Bulk Bandz Bracelets - Cardinal/Black, Regular: $7.99, Product ID: 520604
Arizona Cardinals Woven Checkered Tie - Cardinal/Black, Regular: $24.99, Product ID: 1134774
Arizona Cardinals Women's Sterling Silver XS Charm, Regular: $39.99, Product ID: 2937318
Arizona Cardinals Women's Peak Infinity Scarf, Regular: $24.99, Product ID: 2472351
Arizona Cardinals 32oz. Pro Tumbler, Regular: $36.99, Product ID: 2611491
Arizona Cardinals Marble Rose Watch – Gray, Regular: $95.00, Product ID: 3041663
Arizona Cardinals WinCraft High-Definition Helmet Logo Keychain, Regular: $7.99, Product ID: 1715900
Arizona Cardinals Timex Women's Sage Watch, Regular: $74.99, Product ID: 3125962
Arizona Cardinals Dooney & Bourke Women's Team Color Ginger Crossbody, Regular: $148.00, Product ID: 2856691
Arizona Cardinals Women's Silver Small Pendant, Regular: $54.99, Product ID: 2937254
Arizona Cardinals Repeat Bow Tie, Regular: $19.99, Product ID: 2146736
Arizona Cardinals Reversible Belt, Your Price: $79.99, Product ID: 2467176
Arizona Cardinals For Bare Feet Marathon Tonal No-Show Socks, Regular: $12.99, Product ID: 2843510
Arizona Cardinals Gold-Plated Extra Small Logo Charm, Regular: $39.99, Product ID: 2936870
Arizona Cardinals Gold-Plated Small Logo Ball Post Earrings, Regular: $59.99, Product ID: 2936710
Arizona Cardinals Dooney & Bourke Women's Team Color North/South Triple Zip Purse, Regular: $108.00, Product ID: 2687252
Arizona Cardinals iPhone 6 Rugged Case, Regular: $24.99, Product ID: 2081640
Arizona Cardinals Tonal Metal Watch – Black, Regular: $69.99, Product ID: 3041760
Arizona Cardinals 24oz. Draft Tumbler - Black, Regular: $34.99, Product ID: 2611043
Arizona Cardinals Gold-Plated Small Logo Ball Post Earrings, Regular: $59.99, Product ID: 2936710
Arizona Cardinals Gold-Plated Logo Lapel Pin, Regular: $49.99, Product ID: 2936454
Arizona Cardinals Peak Gloves, Regular: $21.99, Product ID: 2192894
Arizona Cardinals Pandora Women's Unforgettable Moment Sterling Silver Charm, Your Price: $65.00, Product ID: 1841093
Arizona Cardinals Gold-Plated Small Logo Dangle Earrings, Regular: $59.99, Product ID: 2936678
Arizona Cardinals Sterling Silver Logo Lapel Pin, Regular: $49.99, Product ID: 2936390
Arizona Cardinals For Bare Feet Women's Muchas Rayas Sleep Soft Socks, Regular: $12.99, Product ID: 2762855
Arizona Cardinals Sterling Silver Large Logo Pendant, Regular: $79.99, Product ID: 2937158
Arizona Cardinals High Definition Logo Keychain, Regular: $7.99, Product ID: 127207
Arizona Cardinals Gold-Plated Bar Necklace, Regular: $94.99, Product ID: 2936518
Arizona Cardinals Infant 2-Pack Sippy Cup Set, Regular: $17.99, Product ID: 2683480
Arizona Cardinals Women's Sterling Silver XL Pendant, Regular: $114.99, Product ID: 2937286
Arizona Cardinals Gold-Plated Extra Large Logo Pendant, Regular: $114.99, Product ID: 2936838
Arizona Cardinals Gold-Plated Logo Cufflinks, Regular: $99.99, Product ID: 2936422
Arizona Cardinals Sterling Silver Logo Cufflinks, Regular: $99.99, Product ID: 2936486
Arizona Cardinals Sterling Silver Bar Necklace, Regular: $94.99, Product ID: 2937094
Arizona Cardinals Gold-Plated Large Logo Split Chain Necklace, Regular: $99.99, Product ID: 2936614
Arizona Cardinals Sterling Silver Large Logo Split Chain Necklace, Regular: $99.99, Product ID: 2936966
Arizona Cardinals Cuce Faux Fur Pom Bag Charm and Keychain - Cardinal, Regular: $16.99, Product ID: 2377881
Arizona Cardinals Gold-Plated Medium Logo Pendant, Regular: $69.99, Product ID: 2936646
Arizona Cardinals 16oz. Primary Logo Stainless Steel Neoprene Tumbler, Regular: $21.99, Product ID: 3140505
Arizona Cardinals Sterling Silver Small Split Chain Necklace, Regular: $74.99, Product ID: 2937062
Arizona Cardinals Solid Knit Gloves, Regular: $9.99, Product ID: 2472453
Arizona Cardinals Sterling Silver Bead Dangle Charm, Regular: $64.99, Product ID: 2937126
Arizona Cardinals Women's Glitter Stripe Scarf, Regular: $19.99, Product ID: 2160414
Arizona Cardinals 24oz. Twist Ultra Tumbler, Regular: $29.99, Product ID: 3282099
Arizona Cardinals Women's Marble Tall Socks - Gray/Pink, Regular: $10.99, Product ID: 1298410
Arizona Cardinals WinCraft 4-Pack Button Set, Regular: $5.99, Product ID: 1707639
Arizona Cardinals Gold-Plated Small Logo Split Chain Necklace, Regular: $74.99, Product ID: 2936806
Arizona Cardinals Dooney & Bourke Women's Crossbody Pouchette, Regular: $98.00, Product ID: 2687097
Arizona Cardinals Infant 2-Pack Bib Set - White, Regular: $14.99, Product ID: 854420
Arizona Cardinals Acrylic Mega Keychain, Regular: $5.99, Product ID: 1773156
Arizona Cardinals Gold-Plated Bead Dangle Charm, Regular: $64.99, Product ID: 2936550
Arizona Cardinals 24oz. Acrylic Travel Tumbler, Regular: $26.99, Product ID: 2938540
Arizona Cardinals Colored Palm Utility Gloves, Regular: $6.99, Product ID: 1964729
Arizona Cardinals Under Armour NFL Combine Authentic Survivor Fleece Performance Gloves, Regular: $39.99, Product ID: 2539170
Arizona Cardinals WinCraft Team Logos & Beat Opponent 4-Pack Pin Set, Regular: $6.99, Product ID: 2877085
Arizona Cardinals Bold Dual Hybrid iPhone 7 Plus/8 Plus Case, Regular: $29.99, Product ID: 2619965
Arizona Cardinals Carbon Printed Acrylic Team Color Logo Keychain, Regular: $5.99, Product ID: 2112451
Arizona Cardinals OtterBox iPhone 8 Plus/7 Plus/6 Plus/6s Plus Alpha Glass Screen Protector, Your Price: $49.99, Product ID: 3151136
Arizona Cardinals For Bare Feet Women's Four Stripe Socks, Regular: $12.99, Product ID: 2455720
Alex and Ani Arizona Cardinals Women's Logo Rafaelian Gold Finish Bracelet, Your Price: $32.00, Product ID: 1626100
Arizona Cardinals Curved Ultra Tumbler, Regular: $26.99, Product ID: 2923063
Arizona Cardinals 9oz. Baby Bottle, Regular: $11.99, Product ID: 2683296
Arizona Cardinals WinCraft 1" x 1" Jersey Pin, Regular: $7.99, Product ID: 2149876
Arizona Cardinals Women's Boa Scarf, Regular: $24.99, Product ID: 2168533
Arizona Cardinals WinCraft Premium Metal Key Ring, Regular: $10.99, Product ID: 1715367
Arizona Cardinals Skinit Flag iPhone 7 Wallet Case, Regular: $34.99, Product ID: 2845745
Arizona Cardinals Dooney & Bourke Women's Team Color Foldover Crossbody Purse, Regular: $99.99, Product ID: 2856591
Arizona Cardinals Peak Scarf, Regular: $24.99, Product ID: 2193305
Arizona Cardinals Laser Cut Xpression Logo Keychain, Regular: $4.99, Product ID: 2750023
Arizona Cardinals Freeform Glitter Keychain, Regular: $7.99, Product ID: 3099694
Arizona Cardinals 22oz. Tritan Tumbler, Regular: $22.99, Product ID: 2575792
Arizona Cardinals WinCraft Bottle Opener Key Ring Keychain, Regular: $10.99, Product ID: 1715281
Arizona Cardinals 30oz. The Reserve Vacuum-Insulated Travel Tumbler - Cardinal, Regular: $34.99, Product ID: 2594881
Arizona Cardinals 26oz. Tritan Foil Wrap Tumbler, Regular: $24.99, Product ID: 2575860
Arizona Cardinals 8oz. Hand Care 3-Piece Set, Regular: $19.99, Product ID: 2185776
Arizona Cardinals Split Logo Reversible Scarf, Regular: $19.99, Product ID: 2063687
Arizona Cardinals WinCraft 1" x 1" Fence Pin, Regular: $7.99, Product ID: 2149808
Arizona Cardinals 16oz. Stainless Steel Water Bottle, Regular: $33.99, Product ID: 2732397
Arizona Cardinals NFLxFIT 30oz. Vacuum Insulated Tumbler, Regular: $34.99, Product ID: 2957684
Arizona Cardinals State Shape Keychain, Regular: $5.99, Product ID: 2750079
Arizona Cardinals #1 Foam Finger Keychain, Regular: $3.99, Product ID: 2429925
Arizona Cardinals Double-Sided Jersey Keychain, Regular: $5.99, Product ID: 3139361
Arizona Cardinals Metallic Super Stripe Keychain, Regular: $5.99, Product ID: 3099822
Arizona Cardinals For Bare Feet Toddler Rugby Stripe Quarter-Length Socks, Regular: $9.99, Product ID: 2086107
Infant Arizona Cardinals Pink/White 2-Pack Baby Bibs, Regular: $14.99, Product ID: 1347825
Arizona Cardinals Printed Acrylic Keychain, Regular: $5.99, Product ID: 1773092
Arizona Cardinals iPhone 7 Rugged Case, Regular: $24.99, Product ID: 2593793
Arizona Cardinals Tokens & Icons Game-Used Football Cuff Links, Your Price: $200.00, Product ID: 2063450
Arizona Cardinals Gold-Plated Small Logo Dangle Earrings, Regular: $59.99, Product ID: 2936678
Arizona Cardinals Gold-Plated Small Logo Post Earrings, Regular: $59.99, Product ID: 2936774
Arizona Cardinals Gold-Plated Small Logo Ball Post Earrings, Regular: $59.99, Product ID: 2936710
Arizona Cardinals Gold-Plated Small Logo Pendant, Regular: $54.99, Product ID: 2936742
Arizona Cardinals 30oz. The Eagle Tumbler, Regular: $29.99, Product ID: 2940082
Arizona Cardinals 20oz. Dual Wall Tumbler, Regular: $15.99, Product ID: 2732194
Arizona Cardinals Glitter Trail NFL Pin, Regular: $5.99, Product ID: 2145484
Arizona Cardinals Gold-Plated Extra Large Logo Pendant, Regular: $114.99, Product ID: 2936838
Arizona Cardinals Sterling Silver Football Helmet Pendant, Regular: $84.99, Product ID: 2936902
Arizona Cardinals Sterling Silver Small Logo Dangle Earrings, Regular: $59.99, Product ID: 2936998
Arizona Cardinals Women's LifeTiles Ribbon Bead Necklace - Red, Regular: $21.99, Product ID: 1391269
Arizona Cardinals Gold-Plated Large Logo Split Chain Necklace, Regular: $99.99, Product ID: 2936614
Arizona Cardinals Lodge Scarf, Regular: $19.99, Product ID: 2064568
Arizona Cardinals Gold-Plated Small Logo Split Chain Necklace, Regular: $74.99, Product ID: 2936806
Arizona Cardinals Sterling Silver Small Logo Post Earrings, Regular: $59.99, Product ID: 2937030
Arizona Cardinals Sterling Silver Small Split Chain Necklace, Regular: $74.99, Product ID: 2937062
Arizona Cardinals Cuce Women's Safety Stadium Compliant Crossbody, Regular: $39.99, Product ID: 3211653
Arizona Cardinals Sterling Silver Football Pendant, Regular: $69.99, Product ID: 2936934
Arizona Cardinals 24oz. Acrylic Travel Tumbler, Regular: $26.99, Product ID: 2938540
Arizona Cardinals Camo Infinity Scarf, Regular: $24.99, Product ID: 3273071
Arizona Cardinals Sterling Silver Large Logo Split Chain Necklace, Regular: $99.99, Product ID: 2936966
Arizona Cardinals WinCraft Women's Logo Necklace - Silver, Regular: $19.99, Product ID: 2839236
Arizona Cardinals Sparo Watch & Bottle Opener Gift Set, Regular: $68.99, Product ID: 3273277
Arizona Cardinals Sparo Women's Three Strap Watch Gift Set, Regular: $59.99, Product ID: 3266054
Arizona Cardinals OtterBox iPhone 8 Plus/7 Plus/6 Plus/6s Plus Symmetry Case with Alpha Glass Screen Protector, Your Price: $89.99, Product ID: 3151168
Arizona Cardinals OtterBox iPhone 8/7/6/6s Symmetry Case with Alpha Glass Screen Protector, Your Price: $79.99, Product ID: 3151104
Arizona Cardinals For Bare Feet Women's Melange Stripe Socks, Regular: $12.99, Product ID: 3212249
Arizona Cardinals OtterBox iPhone 8 Plus/7 Plus/6 Plus/6s Plus Alpha Glass Screen Protector, Your Price: $49.99, Product ID: 3151136
Arizona Cardinals 24oz. Twist Ultra Tumbler, Regular: $29.99, Product ID: 3282099
Arizona Cardinals OtterBox iPhone Clear Symmetry Case, Your Price: $44.99, Product ID: 3243304
Arizona Cardinals For Bare Feet Deuce Socks – Gray, Your Price: $11.99, Product ID: 3294922
Arizona Cardinals Women's Gloves & Scarf Set - Cardinal, Your Price: $32.99, Product ID: 3270466
Arizona Cardinals For Bare Feet Women's Soft Stripe Quarter-Length Socks, Regular: $13.99, Product ID: 3284046
Arizona Cardinals 20oz. Infuser Bottle, Regular: $12.99, Product ID: 3247340
Arizona Cardinals Gloves and Scarf Set, Regular: $32.99, Product ID: 3270605
Arizona Cardinals Double-Sided Jersey Keychain, Regular: $5.99, Product ID: 3139361
Arizona Cardinals Sparo Watch & Wallet Gift Set, Regular: $65.99, Product ID: 3273219
