Arizona Cardinals Acrylic Freeform Frost Accent Keychain, Regular: $5.99, Product ID: 2112281
Arizona Cardinals 6'' x 6'' Logo Die-Cut Repositionable Vinyl Decal, Regular: $5.99, Product ID: 2106140
Arizona Cardinals Small Over Large Mega License Plate Frame, Regular: $19.99, Product ID: 2110572
Arizona Cardinals Key Strap, Regular: $5.99, Product ID: 661569
Arizona Cardinals Bottle Opener Keychain---, Regular: $3.99, Product ID: 1567024
Arizona Cardinals Breakaway Lanyard - Cardinal/Black, Regular: $7.99, Product ID: 1421841
Arizona Cardinals 22" x 25" Jumbo Car Decal, Regular: $21.99, Product ID: 3099629
Arizona Cardinals WinCraft Logo Wordmark Breakaway Lanyard, Regular: $8.99, Product ID: 2566996
Arizona Cardinals Mega Acrylic License Plate, Regular: $29.99, Product ID: 1773655
Arizona Cardinals Universal Auto Sun Shade, Regular: $23.99, Product ID: 2074226
Arizona Cardinals Chrome on Black Hitch Cover, Your Price: $24.99, Product ID: 2961915
Arizona Cardinals Small Window Cling, Regular: $1.99, Product ID: 38808
Arizona Cardinals Acrylic License Plate Screw Cover, Regular: $7.99, Product ID: 3099790
Arizona Cardinals WinCraft High-Definition Helmet Logo Keychain, Regular: $7.99, Product ID: 1715900
Arizona Cardinals High Definition Logo Keychain, Regular: $7.99, Product ID: 127207
Arizona Cardinals WinCraft 4" x 17" Die-Cut Decal, Regular: $8.99, Product ID: 1711063
Arizona Cardinals WinCraft Logo 4" x 4" Color Perfect Cut Decal, Regular: $3.99, Product ID: 1711782
Arizona Cardinals WinCraft Bumper Sticker, Regular: $1.99, Product ID: 1710917
Arizona Cardinals Car Seat Cover, Regular: $31.99, Product ID: 2183227
Arizona Cardinals WinCraft #1 Fan 3" X 4" Multi-use Decal, Regular: $2.99, Product ID: 1712402
Arizona Cardinals WinCraft 8'' x 8'' Color Car Decal, Regular: $8.99, Product ID: 1712126
Arizona Cardinals Bottle Opener Keychain - Black, Regular: $3.99, Product ID: 2481648
Arizona Cardinals 27" x 18" 2-Pack Vinyl Car Mat Set, Your Price: $48.99, Product ID: 2205048
Arizona Cardinals Chrome on Chrome Hitch Cover, Your Price: $24.99, Product ID: 2961962
Arizona Cardinals Color on Chrome Hitch Cover, Your Price: $25.99, Product ID: 2962008
Arizona Cardinals Laser Cut Xpression Logo Keychain, Regular: $4.99, Product ID: 2750023
Arizona Cardinals Acrylic Mega Keychain, Regular: $5.99, Product ID: 1773156
Arizona Cardinals Cuce Faux Fur Pom Bag Charm and Keychain - Cardinal, Regular: $16.99, Product ID: 2377881
Arizona Cardinals WinCraft 4" x 5" Perfect Cut Team Logo Decal, Regular: $6.99, Product ID: 1736967
Arizona Cardinals WinCraft Auto Pack, Regular: $24.99, Product ID: 2821742
Arizona Cardinals WinCraft Double-Sided Slogan Car Flag, Regular: $15.99, Product ID: 3204458
Arizona Cardinals #1 Foam Finger Keychain, Regular: $3.99, Product ID: 2429925
Arizona Cardinals Logo Universal Hitch Cover, Regular: $17.99, Product ID: 3099918
Arizona Cardinals Steering Wheel Cover and Head Rest Combo, Regular: $44.99, Product ID: 2389059
Arizona Cardinals 6" x 6" Repositionable State Shape Decal, Regular: $5.99, Product ID: 2746184
Arizona Cardinals Color on Black Hitch Cover, Your Price: $25.99, Product ID: 2961978
Arizona Cardinals WinCraft 2-Pack 4" x 4" Decals, Regular: $8.99, Product ID: 1711986
Arizona Cardinals Carbon Fiber License Plate, Regular: $27.99, Product ID: 1354397
Arizona Cardinals WinCraft 3" x 7" Chrome Decal, Regular: $2.99, Product ID: 2123861
Arizona Cardinals Laser Cut Glitter Freeform Auto Emblem, Regular: $9.99, Product ID: 3099758
Arizona Cardinals Metallic Freeform Logo Auto Emblem, Regular: $9.99, Product ID: 2746524
Arizona Cardinals 2-Pack Headrest Covers, Regular: $19.99, Product ID: 346181
Arizona Cardinals Oval Fixed 2" Wood Design Hitch Receiver Cover, Regular: $11.99, Product ID: 2496519
Arizona Cardinals Carbon 6" x 6" Oval Full Color Magnet, Regular: $5.99, Product ID: 2113647
Arizona Cardinals 6'' Team Logo Magnet, Regular: $6.99, Product ID: 1761970
Arizona Cardinals 8"x8" White Decal Logo, Regular: $9.99, Product ID: 157708
Arizona Cardinals WinCraft 6" x 6" Chrome Decal, Regular: $9.99, Product ID: 2523214
Arizona Cardinals State Pride License Plate, Regular: $29.99, Product ID: 2749901
Arizona Cardinals Stripe 12" x 12" Oval Full Color Magnet, Regular: $11.99, Product ID: 2113989
Arizona Cardinals Helmet License Plate Frame, Regular: $19.99, Product ID: 3065154
Arizona Cardinals 8'' x 8'' Logo Repositionable Decal Set, Regular: $8.99, Product ID: 1340642
Arizona Cardinals Valve Stem Covers, Regular: $11.99, Product ID: 1773882
Arizona Cardinals Small Over Large Mirror License Plate Frame with Glitter Letters, Regular: $19.99, Product ID: 1773547
Arizona Cardinals WinCraft 6" x 9" Car Magnet, Regular: $8.99, Product ID: 1710842
Arizona Cardinals Metal Frame Acrylic Bottom Inlaid Mirror License Plate Frame, Regular: $19.99, Product ID: 2110118
Arizona Cardinals Carbon Bottom Only Metal Acrylic Cut License Plate Frame, Regular: $19.99, Product ID: 2110265
Arizona Cardinals WinCraft Bottle Opener Key Ring Keychain, Regular: $10.99, Product ID: 1715281
Arizona Cardinals 2" x 19" Letters Die Cut Decal, Regular: $6.99, Product ID: 1339200
Arizona Cardinals Jersey 8" x 8" Oval Repositionable Vinyl Decal, Regular: $7.99, Product ID: 2107349
Arizona Cardinals Facemask License Plate Frame, Regular: $15.99, Product ID: 3172775
Arizona Cardinals Carbon Small Over Large Metal Acrylic Cut License Plate Frame, Regular: $19.99, Product ID: 2110266
Arizona Cardinals Die-Cut Logo Metal Emblem, Regular: $11.99, Product ID: 1338648
Arizona Cardinals 12" Car Magnet Sheet, Regular: $9.99, Product ID: 1556921
Arizona Cardinals Logo & Wordmark Steering Wheel Cover, Your Price: $19.99, Product ID: 2962099
Arizona Cardinals 5'' x 7'' Flip Flops Repositionable Decal, Regular: $5.99, Product ID: 1340406
Arizona Cardinals 12" x 12" Helmet Car Magnet, Regular: $11.99, Product ID: 2745690
Arizona Cardinals 6" x 6" Two-Tone Repositionable Decal 2-Pack Set, Regular: $5.99, Product ID: 2745818
Arizona Cardinals Metal Frame Acrylic Top & Bottom Inlaid Mirror License Plate Frame, Regular: $19.99, Product ID: 2110119
Arizona Cardinals Bottom Only Mirror License Plate Frame with Glitter Letters, Regular: $19.99, Product ID: 1773546
Arizona Cardinals Jersey Bottom Only Metal Acrylic Cut License Plate Frame, Regular: $19.99, Product ID: 2110269
Arizona Cardinals Mirror With Color Letters License Plate Frame, Regular: $19.99, Product ID: 1959106
Arizona Cardinals DuoTone Color Acrylic License Plate, Regular: $29.99, Product ID: 2749785
Arizona Cardinals Steering Wheel Cover-, Regular: $17.99, Product ID: 1789592
Arizona Cardinals State Shape Keychain, Regular: $5.99, Product ID: 2750079
Arizona Cardinals Duo-Tone Rectangular Plastic Hitch Cover, Regular: $15.99, Product ID: 2750234
Arizona Cardinals WinCraft Ultra Decal Sheet, Regular: $8.99, Product ID: 1712789
Arizona Cardinals Helmet License Plate, Regular: $29.99, Product ID: 1773711
Arizona Cardinals Metal Frame Acrylic Inlaid Mirror License Plate Frame, Regular: $19.99, Product ID: 2110120
Arizona Cardinals Chevron Bottom Only Metal Acrylic Cut License Plate Frame, Regular: $19.99, Product ID: 2110267
Arizona Cardinals Small Over Big Mirror With Color Letters License Plate Frame, Regular: $19.99, Product ID: 1959107
Arizona Cardinals Mirror With Color Letters License Plate Frame  -, Regular: $19.99, Product ID: 1959108
Arizona Cardinals Universal Hitch Cover, Regular: $19.99, Product ID: 1352992
Arizona Cardinals Silver Mirror Team Logo License Plate - Silver, Regular: $29.99, Product ID: 1354514
Arizona Cardinals WinCraft Premium Metal Key Ring, Regular: $10.99, Product ID: 1715367
Arizona Cardinals WinCraft Bottle Opener Key Ring Keychain, Regular: $10.99, Product ID: 1715281
Arizona Cardinals Super Stripe Acrylic Cut License Plate, Regular: $29.99, Product ID: 2114792
Arizona Cardinals WinCraft 4" x 5" Perfect Cut Helmet Decal, Regular: $6.99, Product ID: 1736966
Arizona Cardinals WinCraft Helmet 4" x 4" Color Perfect Cut Decal, Regular: $3.99, Product ID: 1711878
Arizona Cardinals Bottom Only Mirror License Plate Frame with Glitter Letters, Regular: $19.99, Product ID: 1773546
Arizona Cardinals Teamball Acrylic Cut License Plate, Regular: $29.99, Product ID: 2114793
Arizona Cardinals Bottom Only Carbon Fiber License Plate Frame with Matte Letters, Regular: $19.99, Product ID: 1773319
Arizona Cardinals Jersey Small Over Small Metal Acrylic Cut License Plate Frame, Regular: $19.99, Product ID: 2110427
Arizona Cardinals Premium Metal Auto Emblem, Regular: $14.99, Product ID: 1690813
Arizona Cardinals Chevron Small Over Small Metal Acrylic Cut License Plate Frame, Regular: $19.99, Product ID: 2110425
Arizona Cardinals Team Plastic Hitch Cover, Regular: $11.99, Product ID: 1352946
Arizona Cardinals Zebra Acrylic Cut License Plate, Regular: $29.99, Product ID: 2114946
Arizona Cardinals 11'' x 11'' Vinyl 3-Pack Magnet, Regular: $10.99, Product ID: 1454257
Arizona Cardinals 2-Pack Helmet Magnet Sheet, Regular: $5.99, Product ID: 1353222
Arizona Cardinals Glitter License Plate - Silver, Regular: $29.99, Product ID: 1354549
Arizona Cardinals Printed Acrylic Keychain, Regular: $5.99, Product ID: 1773092
Arizona Cardinals Small Over Large Carbon Fiber License Plate Frame with Matte Letters, Regular: $19.99, Product ID: 1773320
Arizona Cardinals Helmet License Plate, Regular: $29.99, Product ID: 1773711
Arizona Cardinals 6'' x 6'' Helmet Die-Cut Repositionable Vinyl Decal, Regular: $5.99, Product ID: 2106138
Arizona Cardinals 6'' x 6'' Team Ball Die-Cut Repositionable Vinyl Decal, Regular: $5.99, Product ID: 2106298
Arizona Cardinals Metal Thin Rim Acrylic Laser-Cut License Plate Frame, Regular: $19.99, Product ID: 2111713
Arizona Cardinals Logo Oval Fixed 2" Hitch Cover, Regular: $11.99, Product ID: 2111775
Arizona Cardinals Chevron Acrylic Laser Cut Plate, Regular: $29.99, Product ID: 2114790
Arizona Cardinals Jersey Acrylic Cut License Plate, Regular: $29.99, Product ID: 2114791
Arizona Cardinals WinCraft Logo 5" x 7" Decal, Regular: $5.99, Product ID: 1770538
Arizona Cardinals Seat Cover, Your Price: $31.99, Product ID: 2962053
Arizona Cardinals Mirror License Plate With Laser Cut Acrylic Logo, Regular: $29.99, Product ID: 2115337
Arizona Cardinals 6'' x 6'' Jersey Die-Cut Repositionable Vinyl Decal, Regular: $5.99, Product ID: 2106139
Arizona Cardinals 6'' x 6'' Zebra Die-Cut Repositionable Vinyl Decal, Regular: $5.99, Product ID: 2106300
Arizona Cardinals Vintage Acrylic Cut License Plate, Regular: $29.99, Product ID: 2114794
Arizona Cardinals Logo 1.25" x 2" Universal Plastic Hitch Cover, Regular: $15.99, Product ID: 2112086
Arizona Cardinals Stripe Oval Fixed 2" Hitch Cover, Regular: $11.99, Product ID: 2111777
Arizona Cardinals 6'' x 6'' Chevron Die-Cut Repositionable Vinyl Decal, Regular: $5.99, Product ID: 2106137
Arizona Cardinals 6'' x 6'' Vintage Die-Cut Repositionable Vinyl Decal, Regular: $5.99, Product ID: 2106299
Arizona Cardinals Freeform Glitter Keychain, Regular: $7.99, Product ID: 3099694
Arizona Cardinals 3" x 10" Duo-Tone Car Decal, Regular: $5.99, Product ID: 3099662
Arizona Cardinals Acrylic Glitter Team Logo License Plate Frame, Regular: $19.99, Product ID: 3099726
Arizona Cardinals USA Flag License Plate Frame, Regular: $19.99, Product ID: 3099854
Arizona Cardinals 6" x 6" Full Color Helmet Repositionable Decal, Regular: $5.99, Product ID: 2746024
Arizona Cardinals 6" x 6" State Shape Car Magnet, Regular: $5.99, Product ID: 2746370
Arizona Cardinals WinCraft 5" x 2.5" Auto Emblem Decal, Regular: $5.99, Product ID: 2541167
Arizona Cardinals WinCraft 11" x 17" Helmet Multi-Use Decal Sheet, Regular: $8.99, Product ID: 2540983
Arizona Cardinals 3" x 10" Xpression Full Color Decal, Regular: $5.99, Product ID: 2745992
Arizona Cardinals Metallic Super Stripe Keychain, Regular: $5.99, Product ID: 3099822
Arizona Cardinals 6" x 6" Xpression Logo Full Color Car Magnet, Regular: $5.99, Product ID: 2746056
Arizona Cardinals 8" x 8" Color Helmet Magnet, Regular: $7.99, Product ID: 2746486
Arizona Cardinals 6" x 6" Xpression Full Color Repositionable Decal, Regular: $5.99, Product ID: 2746454
Arizona Cardinals WinCraft 8" x 8" Camo Color Decal, Regular: $8.99, Product ID: 2537834
Arizona Cardinals Window Clings Sheet, Regular: $9.99, Product ID: 49423
Arizona Cardinals 17" x 14" Utility Mat, Your Price: $22.99, Product ID: 2266387
Arizona Cardinals Stadium Photo Decal, Regular: $6.99, Product ID: 1339700
Arizona Cardinals Glitter Team Pride License Plate Frame, Regular: $19.99, Product ID: 1352768
Arizona Cardinals 6'' x 6'' Arched Decal - Cardinal, Regular: $6.99, Product ID: 1339945
Arizona Cardinals Zebra Printed Acrylic Team Color Logo Keychain, Regular: $5.99, Product ID: 2112455
Arizona Cardinals Logo License Plate Frame, Regular: $19.99, Product ID: 3099886
Arizona Cardinals Team Plastic Hitch Cover, Regular: $11.99, Product ID: 1352946
Arizona Cardinals Double Magnet Pack, Regular: $9.99, Product ID: 1354011
Arizona Cardinals Indoor & Outdoor 3-Pack Magnet Set, Regular: $5.99, Product ID: 2746094
Arizona Cardinals WinCraft 4-Tab Style Inlaid Metal License Plate Frame, Regular: $17.99, Product ID: 2540841
Arizona Cardinals WinCraft 11" x 17" Name & Logo Multi-Use Decal Sheet, Regular: $8.99, Product ID: 2540984
Arizona Cardinals Silver Mirror Team Logo License Plate - Silver, Regular: $29.99, Product ID: 1354514
Arizona Cardinals Team Silver Glitter Metal Frame, Regular: $19.99, Product ID: 1352557
Arizona Cardinals Super Stripe Printed Acrylic Team Color Logo Keychain, Regular: $5.99, Product ID: 2112454
Arizona Cardinals Glitter Team Pride License Plate Frame, Regular: $19.99, Product ID: 1352768
Arizona Cardinals Reversible Home/Away Jersey Keychain, Regular: $5.99, Product ID: 3061733
Arizona Cardinals WinCraft 4" x 5" Perfect Cut Helmet Decal, Regular: $6.99, Product ID: 1736966
Arizona Cardinals Glitter License Plate - Silver, Regular: $29.99, Product ID: 1354549
Arizona Cardinals 2" Helmet Hitch Cover, Regular: $19.99, Product ID: 2941315
Arizona Cardinals Mega 12" x 12" Car Magnet, Regular: $11.99, Product ID: 1772811
Arizona Cardinals 2-Pack Car Front Floor Mats, Regular: $39.99, Product ID: 1318137
Arizona Cardinals Two-Pack Printed Headrest Cover, Regular: $19.99, Product ID: 3024222
Arizona Cardinals Freeform Glitter Keychain, Regular: $7.99, Product ID: 3099694
Arizona Cardinals Universal Hitch Cover, Regular: $19.99, Product ID: 1352992
Arizona Cardinals 3" x 10" Duo-Tone Car Decal, Regular: $5.99, Product ID: 3099662
Arizona Cardinals Crest Logo Shield Decal, Regular: $3.99, Product ID: 3038262
Arizona Cardinals Acrylic Glitter Team Logo License Plate Frame, Regular: $19.99, Product ID: 3099726
Arizona Cardinals Logo License Plate Frame, Regular: $19.99, Product ID: 3099886
Arizona Cardinals USA Flag License Plate Frame, Regular: $19.99, Product ID: 3099854
Arizona Cardinals WinCraft 3" x 10" Logo & Name Perfect Cut Decal, Regular: $6.99, Product ID: 2537240
Arizona Cardinals Sparo Laser Discus Decal, Regular: $6.99, Product ID: 2524252
Arizona Cardinals WinCraft 8" x 8" Camo Color Decal, Regular: $8.99, Product ID: 2537834
Arizona Cardinals Frame With Magnet And Decal Set, Regular: $29.99, Product ID: 2805813
Arizona Cardinals WinCraft 3" x 10" Helmet Perfect Cut Decal, Regular: $6.99, Product ID: 2537239
Arizona Cardinals Metallic Super Stripe Keychain, Regular: $5.99, Product ID: 3099822
Arizona Cardinals WinCraft 3" x 10" Property Of Perfect Cut Decal, Regular: $6.99, Product ID: 2537241
Arizona Cardinals 12 x 12 Digi Camo Oval Magnet, Regular: $11.99, Product ID: 2495979
Arizona Cardinals 12" x 12" Wood Design Oval Car Magnet, Regular: $11.99, Product ID: 2495947
Arizona Cardinals 6 x 6 Wood Design Magnet, Regular: $5.99, Product ID: 2496050
Arizona Cardinals WinCraft 5" x 9" 2-Pack Magnet Set, Regular: $8.99, Product ID: 2537491
Arizona Cardinals 8" x 8" Color Helmet Magnet, Regular: $7.99, Product ID: 2746486
Arizona Cardinals Indoor & Outdoor 3-Pack Magnet Set, Regular: $5.99, Product ID: 2746094
Arizona Cardinals WinCraft 11" x 17" Helmet Multi-Use Decal Sheet, Regular: $8.99, Product ID: 2540983
Arizona Cardinals WinCraft 11" x 17" Name & Logo Multi-Use Decal Sheet, Regular: $8.99, Product ID: 2540984
Arizona Cardinals 6" x 6" Digi Camo Oval Car Magnet, Regular: $5.99, Product ID: 2496011
Arizona Cardinals Plastic Oval Fixed 2" Digi Camo Hitch Receiver, Regular: $11.99, Product ID: 2496366
Arizona Cardinals Women's Pink and White Keychain, Regular: $4.99, Product ID: 2496454
Arizona Cardinals 6" x 6" State Shape Car Magnet, Regular: $5.99, Product ID: 2746370
Arizona Cardinals 6" x 6" Xpression Full Color Repositionable Decal, Regular: $5.99, Product ID: 2746454
Arizona Cardinals Roadside Emergency Kit, Your Price: $54.99, Product ID: 2449724
Arizona Cardinals State Shape Acrylic Metallic Auto Emblem, Regular: $12.99, Product ID: 2496558
Arizona Cardinals 3" x 10" Xpression Full Color Decal, Regular: $5.99, Product ID: 2745992
, , 
, , 
Arizona Cardinals WinCraft 4-Tab Style Inlaid Metal License Plate Frame, Regular: $17.99, Product ID: 2540841
Arizona Cardinals WinCraft 5" x 2.5" Auto Emblem Decal, Regular: $5.99, Product ID: 2541167
Arizona Cardinals ShinShield Hitch Cover, Regular: $24.99, Product ID: 2480755
Arizona Cardinals Wood Design Acrylic License Plate Frame, Regular: $19.99, Product ID: 2438815
Arizona Cardinals 6" x 6" Full Color Helmet Repositionable Decal, Regular: $5.99, Product ID: 2746024
Arizona Cardinals Digi Camo Laser Cut License Plate, Regular: $29.99, Product ID: 2438847
Arizona Cardinals WinCraft Logo Crystal Mirror License Plate, Regular: $24.99, Product ID: 2536171
Arizona Cardinals 6" x 6" Xpression Logo Full Color Car Magnet, Regular: $5.99, Product ID: 2746056
Arizona Cardinals Digi Camo License Plate Frame with Black Letters, Regular: $19.99, Product ID: 2438879
Arizona Cardinals 6" x 6" Digi Camo Oval Repositionable Decal, Regular: $5.99, Product ID: 2439940
Arizona Cardinals WinCraft Inlaid Metal License Plate Frame, Regular: $19.99, Product ID: 2536060
Arizona Cardinals WinCraft Stadium Crystal Mirror License Plate, Regular: $24.99, Product ID: 2536172
Arizona Cardinals Pink Glitter License Plate Frame with White Lettering, Regular: $29.99, Product ID: 2438911
Arizona Cardinals 2-Piece Carpet Car Mat Set, Your Price: $49.99, Product ID: 2520437
Arizona Cardinals Seat Cover, Your Price: $31.99, Product ID: 2962053
Arizona Cardinals 8" x 8" Camo Oval Repositionable Decal, Regular: $7.99, Product ID: 2439876
Arizona Cardinals Wood Design Acrylic License Plate, Regular: $29.99, Product ID: 2439007
Arizona Cardinals Stainless Steel License Plate, Regular: $27.99, Product ID: 2438975
Arizona Cardinals 6" x 6" Wood Oval Repositionable Decal, Regular: $5.99, Product ID: 2439907
Arizona Cardinals Sparo Chrome License Plate Frame with Laser Inserts, Regular: $24.99, Product ID: 2825670
Arizona Cardinals Primary Logo Interior Auto Kit, Regular: $44.99, Product ID: 3105029
Arizona Cardinals Double-Sided Jersey Keychain, Regular: $5.99, Product ID: 3139361
Arizona Cardinals 8" x 8" Wood Oval Repositionable Decal, Regular: $7.99, Product ID: 2439843
Arizona Cardinals 2" Helmet Hitch Cover, Regular: $19.99, Product ID: 2941315
Arizona Cardinals Interior Auto Kit, Regular: $64.99, Product ID: 3055177
Arizona Cardinals 4-Piece Auto Kit, Regular: $29.99, Product ID: 3156835
Super Bowl 50 Clink-N-Drink Magnetic Bottle Opener, Regular: $31.99, Product ID: 2146271
